<?xml version="1.0" encoding="UTF-8"?>
<office:document-content xmlns:office="urn:oasis:names:tc:opendocument:xmlns:office:1.0" xmlns:style="urn:oasis:names:tc:opendocument:xmlns:style:1.0" xmlns:text="urn:oasis:names:tc:opendocument:xmlns:text:1.0" xmlns:table="urn:oasis:names:tc:opendocument:xmlns:table:1.0" xmlns:draw="urn:oasis:names:tc:opendocument:xmlns:drawing:1.0" xmlns:fo="urn:oasis:names:tc:opendocument:xmlns:xsl-fo-compatible:1.0" xmlns:xlink="http://www.w3.org/1999/xlink" xmlns:dc="http://purl.org/dc/elements/1.1/" xmlns:meta="urn:oasis:names:tc:opendocument:xmlns:meta:1.0" xmlns:number="urn:oasis:names:tc:opendocument:xmlns:datastyle:1.0" xmlns:svg="urn:oasis:names:tc:opendocument:xmlns:svg-compatible:1.0" xmlns:chart="urn:oasis:names:tc:opendocument:xmlns:chart:1.0" xmlns:dr3d="urn:oasis:names:tc:opendocument:xmlns:dr3d:1.0" xmlns:math="http://www.w3.org/1998/Math/MathML" xmlns:form="urn:oasis:names:tc:opendocument:xmlns:form:1.0" xmlns:script="urn:oasis:names:tc:opendocument:xmlns:script:1.0" xmlns:ooo="http://openoffice.org/2004/office" xmlns:ooow="http://openoffice.org/2004/writer" xmlns:oooc="http://openoffice.org/2004/calc" xmlns:dom="http://www.w3.org/2001/xml-events" xmlns:xforms="http://www.w3.org/2002/xforms" xmlns:xsd="http://www.w3.org/2001/XMLSchema" xmlns:xsi="http://www.w3.org/2001/XMLSchema-instance" xmlns:field="urn:openoffice:names:experimental:ooxml-odf-interop:xmlns:field:1.0" office:version="1.1"><office:scripts/><office:font-face-decls><style:font-face style:name="StarSymbol" svg:font-family="StarSymbol"/><style:font-face style:name="Times New Roman" svg:font-family="&apos;Times New Roman&apos;" style:font-family-generic="roman" style:font-pitch="variable"/><style:font-face style:name="Arial" svg:font-family="Arial" style:font-family-generic="swiss" style:font-pitch="variable"/><style:font-face style:name="DejaVu Sans" svg:font-family="&apos;DejaVu Sans&apos;" style:font-family-generic="system" style:font-pitch="variable"/></office:font-face-decls><office:automatic-styles><style:style style:name="P1" style:family="paragraph" style:parent-style-name="Standard" style:list-style-name="L1"/><text:list-style style:name="L1"><text:list-level-style-bullet text:level="1" text:style-name="Bullet_20_Symbols" style:num-suffix="." text:bullet-char="●"><style:list-level-properties text:space-before="0.635cm" text:min-label-width="0.635cm"/><style:text-properties style:font-name="StarSymbol"/></text:list-level-style-bullet><text:list-level-style-bullet text:level="2" text:style-name="Bullet_20_Symbols" style:num-suffix="." text:bullet-char="○"><style:list-level-properties text:space-before="1.27cm" text:min-label-width="0.635cm"/><style:text-properties style:font-name="StarSymbol"/></text:list-level-style-bullet><text:list-level-style-bullet text:level="3" text:style-name="Bullet_20_Symbols" style:num-suffix="." text:bullet-char="■"><style:list-level-properties text:space-before="1.905cm" text:min-label-width="0.635cm"/><style:text-properties style:font-name="StarSymbol"/></text:list-level-style-bullet><text:list-level-style-bullet text:level="4" text:style-name="Bullet_20_Symbols" style:num-suffix="." text:bullet-char="●"><style:list-level-properties text:space-before="2.54cm" text:min-label-width="0.635cm"/><style:text-properties style:font-name="StarSymbol"/></text:list-level-style-bullet><text:list-level-style-bullet text:level="5" text:style-name="Bullet_20_Symbols" style:num-suffix="." text:bullet-char="○"><style:list-level-properties text:space-before="3.175cm" text:min-label-width="0.635cm"/><style:text-properties style:font-name="StarSymbol"/></text:list-level-style-bullet><text:list-level-style-bullet text:level="6" text:style-name="Bullet_20_Symbols" style:num-suffix="." text:bullet-char="■"><style:list-level-properties text:space-before="3.81cm" text:min-label-width="0.635cm"/><style:text-properties style:font-name="StarSymbol"/></text:list-level-style-bullet><text:list-level-style-bullet text:level="7" text:style-name="Bullet_20_Symbols" style:num-suffix="." text:bullet-char="●"><style:list-level-properties text:space-before="4.445cm" text:min-label-width="0.635cm"/><style:text-properties style:font-name="StarSymbol"/></text:list-level-style-bullet><text:list-level-style-bullet text:level="8" text:style-name="Bullet_20_Symbols" style:num-suffix="." text:bullet-char="○"><style:list-level-properties text:space-before="5.08cm" text:min-label-width="0.635cm"/><style:text-properties style:font-name="StarSymbol"/></text:list-level-style-bullet><text:list-level-style-bullet text:level="9" text:style-name="Bullet_20_Symbols" style:num-suffix="." text:bullet-char="■"><style:list-level-properties text:space-before="5.715cm" text:min-label-width="0.635cm"/><style:text-properties style:font-name="StarSymbol"/></text:list-level-style-bullet><text:list-level-style-bullet text:level="10" text:style-name="Bullet_20_Symbols" style:num-suffix="." text:bullet-char="●"><style:list-level-properties text:space-before="6.35cm" text:min-label-width="0.635cm"/><style:text-properties style:font-name="StarSymbol"/></text:list-level-style-bullet></text:list-style></office:automatic-styles><office:body><office:text><text:sequence-decls><text:sequence-decl text:display-outline-level="0" text:name="Illustration"/><text:sequence-decl text:display-outline-level="0" text:name="Table"/><text:sequence-decl text:display-outline-level="0" text:name="Text"/><text:sequence-decl text:display-outline-level="0" text:name="Drawing"/></text:sequence-decls><text:h text:style-name="Heading_20_1" text:outline-level="1">Test</text:h><text:list text:style-name="L1"><text:list-item><text:p text:style-name="P1">alpha</text:p></text:list-item><text:list-item><text:p text:style-name="P1">bravo</text:p></text:list-item><text:list-item><text:p text:style-name="P1">charlie</text:p></text:list-item><text:list-item><text:p text:style-name="P1">nuovo elemento con i=100</text:p></text:list-item><text:list-item><text:p text:style-name="P1">nuovo elemento con i=101</text:p></text:list-item><text:list-item><text:p text:style-name="P1">nuovo elemento con i=102</text:p></text:list-item><text:list-item><text:p text:style-name="P1">nuovo elemento con i=103</text:p></text:list-item><text:list-item><text:p text:style-name="P1">nuovo elemento con i=104</text:p></text:list-item><text:list-item><text:p text:style-name="P1">nuovo elemento con i=105</text:p></text:list-item><text:list-item><text:p text:style-name="P1">nuovo elemento con i=106</text:p></text:list-item><text:list-item><text:p text:style-name="P1">nuovo elemento con i=107</text:p></text:list-item><text:list-item><text:p text:style-name="P1">nuovo elemento con i=108</text:p></text:list-item><text:list-item><text:p text:style-name="P1">nuovo elemento con i=109</text:p></text:list-item><text:list-item><text:p text:style-name="P1">nuovo elemento con i=110</text:p></text:list-item><text:list-item><text:p text:style-name="P1">nuovo elemento con i=111</text:p></text:list-item><text:list-item><text:p text:style-name="P1">nuovo elemento con i=112</text:p></text:list-item><text:list-item><text:p text:style-name="P1">nuovo elemento con i=113</text:p></text:list-item><text:list-item><text:p text:style-name="P1">nuovo elemento con i=114</text:p></text:list-item><text:list-item><text:p text:style-name="P1">nuovo elemento con i=115</text:p></text:list-item><text:list-item><text:p text:style-name="P1">nuovo elemento con i=116</text:p></text:list-item><text:list-item><text:p text:style-name="P1">nuovo elemento con i=117</text:p></text:list-item><text:list-item><text:p text:style-name="P1">nuovo elemento con i=118</text:p></text:list-item><text:list-item><text:p text:style-name="P1">nuovo elemento con i=119</text:p></text:list-item><text:list-item><text:p text:style-name="P1">nuovo elemento con i=120</text:p></text:list-item><text:list-item><text:p text:style-name="P1">nuovo elemento con i=121</text:p></text:list-item><text:list-item><text:p text:style-name="P1">nuovo elemento con i=122</text:p></text:list-item><text:list-item><text:p text:style-name="P1">nuovo elemento con i=123</text:p></text:list-item><text:list-item><text:p text:style-name="P1">nuovo elemento con i=124</text:p></text:list-item><text:list-item><text:p text:style-name="P1">nuovo elemento con i=125</text:p></text:list-item><text:list-item><text:p text:style-name="P1">nuovo elemento con i=126</text:p></text:list-item><text:list-item><text:p text:style-name="P1">nuovo elemento con i=127</text:p></text:list-item><text:list-item><text:p text:style-name="P1">nuovo elemento con i=128</text:p></text:list-item><text:list-item><text:p text:style-name="P1">nuovo elemento con i=129</text:p></text:list-item><text:list-item><text:p text:style-name="P1">nuovo elemento con i=130</text:p></text:list-item><text:list-item><text:p text:style-name="P1">nuovo elemento con i=131</text:p></text:list-item><text:list-item><text:p text:style-name="P1">nuovo elemento con i=132</text:p></text:list-item><text:list-item><text:p text:style-name="P1">nuovo elemento con i=133</text:p></text:list-item><text:list-item><text:p text:style-name="P1">nuovo elemento con i=134</text:p></text:list-item><text:list-item><text:p text:style-name="P1">nuovo elemento con i=135</text:p></text:list-item><text:list-item><text:p text:style-name="P1">nuovo elemento con i=136</text:p></text:list-item><text:list-item><text:p text:style-name="P1">nuovo elemento con i=137</text:p></text:list-item><text:list-item><text:p text:style-name="P1">nuovo elemento con i=138</text:p></text:list-item><text:list-item><text:p text:style-name="P1">nuovo elemento con i=139</text:p></text:list-item><text:list-item><text:p text:style-name="P1">nuovo elemento con i=140</text:p></text:list-item><text:list-item><text:p text:style-name="P1">nuovo elemento con i=141</text:p></text:list-item><text:list-item><text:p text:style-name="P1">nuovo elemento con i=142</text:p></text:list-item><text:list-item><text:p text:style-name="P1">nuovo elemento con i=143</text:p></text:list-item><text:list-item><text:p text:style-name="P1">nuovo elemento con i=144</text:p></text:list-item><text:list-item><text:p text:style-name="P1">nuovo elemento con i=145</text:p></text:list-item><text:list-item><text:p text:style-name="P1">nuovo elemento con i=146</text:p></text:list-item><text:list-item><text:p text:style-name="P1">nuovo elemento con i=147</text:p></text:list-item><text:list-item><text:p text:style-name="P1">nuovo elemento con i=148</text:p></text:list-item><text:list-item><text:p text:style-name="P1">nuovo elemento con i=149</text:p></text:list-item><text:list-item><text:p text:style-name="P1">nuovo elemento con i=150</text:p></text:list-item><text:list-item><text:p text:style-name="P1">nuovo elemento con i=151</text:p></text:list-item><text:list-item><text:p text:style-name="P1">nuovo elemento con i=152</text:p></text:list-item><text:list-item><text:p text:style-name="P1">nuovo elemento con i=153</text:p></text:list-item><text:list-item><text:p text:style-name="P1">nuovo elemento con i=154</text:p></text:list-item><text:list-item><text:p text:style-name="P1">nuovo elemento con i=155</text:p></text:list-item><text:list-item><text:p text:style-name="P1">nuovo elemento con i=156</text:p></text:list-item><text:list-item><text:p text:style-name="P1">nuovo elemento con i=157</text:p></text:list-item><text:list-item><text:p text:style-name="P1">nuovo elemento con i=158</text:p></text:list-item><text:list-item><text:p text:style-name="P1">nuovo elemento con i=159</text:p></text:list-item><text:list-item><text:p text:style-name="P1">nuovo elemento con i=160</text:p></text:list-item><text:list-item><text:p text:style-name="P1">nuovo elemento con i=161</text:p></text:list-item><text:list-item><text:p text:style-name="P1">nuovo elemento con i=162</text:p></text:list-item><text:list-item><text:p text:style-name="P1">nuovo elemento con i=163</text:p></text:list-item><text:list-item><text:p text:style-name="P1">nuovo elemento con i=164</text:p></text:list-item><text:list-item><text:p text:style-name="P1">nuovo elemento con i=165</text:p></text:list-item><text:list-item><text:p text:style-name="P1">nuovo elemento con i=166</text:p></text:list-item><text:list-item><text:p text:style-name="P1">nuovo elemento con i=167</text:p></text:list-item><text:list-item><text:p text:style-name="P1">nuovo elemento con i=168</text:p></text:list-item><text:list-item><text:p text:style-name="P1">nuovo elemento con i=169</text:p></text:list-item><text:list-item><text:p text:style-name="P1">nuovo elemento con i=170</text:p></text:list-item><text:list-item><text:p text:style-name="P1">nuovo elemento con i=171</text:p></text:list-item><text:list-item><text:p text:style-name="P1">nuovo elemento con i=172</text:p></text:list-item><text:list-item><text:p text:style-name="P1">nuovo elemento con i=173</text:p></text:list-item><text:list-item><text:p text:style-name="P1">nuovo elemento con i=174</text:p></text:list-item><text:list-item><text:p text:style-name="P1">nuovo elemento con i=175</text:p></text:list-item><text:list-item><text:p text:style-name="P1">nuovo elemento con i=176</text:p></text:list-item><text:list-item><text:p text:style-name="P1">nuovo elemento con i=177</text:p></text:list-item><text:list-item><text:p text:style-name="P1">nuovo elemento con i=178</text:p></text:list-item><text:list-item><text:p text:style-name="P1">nuovo elemento con i=179</text:p></text:list-item><text:list-item><text:p text:style-name="P1">nuovo elemento con i=180</text:p></text:list-item><text:list-item><text:p text:style-name="P1">nuovo elemento con i=181</text:p></text:list-item><text:list-item><text:p text:style-name="P1">nuovo elemento con i=182</text:p></text:list-item><text:list-item><text:p text:style-name="P1">nuovo elemento con i=183</text:p></text:list-item><text:list-item><text:p text:style-name="P1">nuovo elemento con i=184</text:p></text:list-item><text:list-item><text:p text:style-name="P1">nuovo elemento con i=185</text:p></text:list-item><text:list-item><text:p text:style-name="P1">nuovo elemento con i=186</text:p></text:list-item><text:list-item><text:p text:style-name="P1">nuovo elemento con i=187</text:p></text:list-item><text:list-item><text:p text:style-name="P1">nuovo elemento con i=188</text:p></text:list-item><text:list-item><text:p text:style-name="P1">nuovo elemento con i=189</text:p></text:list-item><text:list-item><text:p text:style-name="P1">nuovo elemento con i=190</text:p></text:list-item><text:list-item><text:p text:style-name="P1">nuovo elemento con i=191</text:p></text:list-item><text:list-item><text:p text:style-name="P1">nuovo elemento con i=192</text:p></text:list-item><text:list-item><text:p text:style-name="P1">nuovo elemento con i=193</text:p></text:list-item><text:list-item><text:p text:style-name="P1">nuovo elemento con i=194</text:p></text:list-item><text:list-item><text:p text:style-name="P1">nuovo elemento con i=195</text:p></text:list-item><text:list-item><text:p text:style-name="P1">nuovo elemento con i=196</text:p></text:list-item><text:list-item><text:p text:style-name="P1">nuovo elemento con i=197</text:p></text:list-item><text:list-item><text:p text:style-name="P1">nuovo elemento con i=198</text:p></text:list-item><text:list-item><text:p text:style-name="P1">nuovo elemento con i=199</text:p></text:list-item></text:list></office:text></office:body></office:document-content>